year,quarter,period_end,revenue,operating_income,net_income,rd_expense,capex
2015,1,2015-03-31,17258000000.0,4447000000.0,3515000000.0,2753000000.0,2927000000.0
2015,2,2015-06-30,17727000000.0,4825000000.0,3931000000.0,2789000000.0,2515000000.0
2015,3,2015-09-30,18675000000.0,4708000000.0,3979000000.0,3230000000.0,2406000000.0
2015,4,2015-12-31,21329000000.0,5380000000.0,4923000000.0,3510000000.0,2102000000.0
2016,1,2016-03-31,20257000000.0,5342000000.0,4207000000.0,3367000000.0,2444000000.0
2016,2,2016-06-30,21500000000.0,5968000000.0,4877000000.0,3363000000.0,2136000000.0
2016,3,2016-09-30,22451000000.0,5767000000.0,5061000000.0,3596000000.0,2554000000.0
2016,4,2016-12-31,26064000000.0,6639000000.0,5333000000.0,3622000000.0,3078000000.0
2017,1,2017-03-31,24750000000.0,6568000000.0,5426000000.0,3942000000.0,2508000000.0
2017,2,2017-06-30,26010000000.0,4132000000.0,3524000000.0,4172000000.0,2831000000.0
2017,3,2017-09-30,27772000000.0,7782000000.0,6732000000.0,4205000000.0,3538000000.0
2017,4,2017-12-31,32323000000.0,7696000000.0,-3020000000.0,4306000000.0,4307000000.0
2018,1,2018-03-31,31146000000.0,7633000000.0,9401000000.0,5039000000.0,7299000000.0
2018,2,2018-06-30,32657000000.0,3045000000.0,3195000000.0,5114000000.0,5477000000.0
2018,3,2018-09-30,33740000000.0,8625000000.0,9192000000.0,5232000000.0,5282000000.0
2018,4,2018-12-31,39276000000.0,8221000000.0,8948000000.0,6034000000.0,7081000000.0
2019,1,2019-03-31,36339000000.0,6608000000.0,6657000000.0,6029000000.0,4638000000.0
2019,2,2019-06-30,38944000000.0,9180000000.0,9947000000.0,6213000000.0,6126000000.0
2019,3,2019-09-30,40499000000.0,9177000000.0,7068000000.0,6554000000.0,6732000000.0
2019,4,2019-12-31,46075000000.0,9266000000.0,10671000000.0,7222000000.0,6052000000.0
2020,1,2020-03-31,41159000000.0,7977000000.0,6836000000.0,6820000000.0,6005000000.0
2020,2,2020-06-30,38297000000.0,6383000000.0,6959000000.0,6875000000.0,5391000000.0
2020,3,2020-09-30,46173000000.0,11213000000.0,11247000000.0,6856000000.0,5406000000.0
2020,4,2020-12-31,56898000000.0,15651000000.0,15227000000.0,7022000000.0,5479000000.0
2021,1,2021-03-31,55314000000.0,16437000000.0,17930000000.0,7485000000.0,5942000000.0
2021,2,2021-06-30,61880000000.0,19361000000.0,18525000000.0,7675000000.0,5496000000.0
2021,3,2021-09-30,65118000000.0,21031000000.0,18936000000.0,7694000000.0,6819000000.0
2021,4,2021-12-31,75325000000.0,21885000000.0,20642000000.0,8708000000.0,6383000000.0
2022,1,2022-03-31,68011000000.0,20094000000.0,16436000000.0,9119000000.0,9786000000.0
2022,2,2022-06-30,69685000000.0,19453000000.0,16002000000.0,9841000000.0,6828000000.0
2022,3,2022-09-30,69092000000.0,17135000000.0,13910000000.0,10273000000.0,7276000000.0
2022,4,2022-12-31,76048000000.0,18160000000.0,13624000000.0,10267000000.0,7595000000.0
2023,1,2023-03-31,69787000000.0,17415000000.0,15051000000.0,11468000000.0,6289000000.0
2023,2,2023-06-30,74604000000.0,21838000000.0,18368000000.0,10588000000.0,6888000000.0
2023,3,2023-09-30,76693000000.0,21343000000.0,19689000000.0,11258000000.0,8055000000.0
2023,4,2023-12-31,86310000000.0,23697000000.0,20687000000.0,12113000000.0,11019000000.0
2024,1,2024-03-31,80539000000.0,25472000000.0,23662000000.0,11903000000.0,12012000000.0
2024,2,2024-06-30,84742000000.0,27425000000.0,23619000000.0,11860000000.0,13186000000.0
2024,3,2024-09-30,88268000000.0,28521000000.0,26301000000.0,12447000000.0,13061000000.0
2024,4,2024-12-31,96469000000.0,30972000000.0,26536000000.0,13116000000.0,14276000000.0
2025,1,2025-03-31,90234000000.0,30606000000.0,34540000000.0,13556000000.0,17197000000.0
2025,2,2025-06-30,96428000000.0,31271000000.0,28196000000.0,13808000000.0,22446000000.0
2025,3,2025-09-30,102345000000.0,31228000000.0,34979000000.0,15151000000.0,23953000000.0
2025,4,2025-12-31,113829000000.0,35934000000.0,34455000000.0,18572000000.0,27851000000.0
2026,1,2026-03-31,109896000000.0,39696000000.0,62578000000.0,17032000000.0,35674000000.0
2026,2,2026-06-30,119796000000.0,40770000000.0,112193000000.0,18219000000.0,44924000000.0
